true\pred,A,B,C,D,E,F,G,H,I,J,K,L,M,N,O,P,Q,R,S,T,U,V,W,X,Y,Z
A,194,0,0,0,0,0,0,0,0,0,0,0,0,0,0,0,0,0,1,0,0,0,0,0,0,0
B,0,151,0,0,0,0,0,0,0,0,0,0,0,0,0,0,0,0,0,0,0,0,0,0,0,0
C,0,0,161,0,0,1,0,0,0,0,0,0,0,0,0,0,0,0,0,1,0,0,0,0,0,0
D,0,0,0,151,0,0,0,0,0,0,0,0,0,0,0,0,0,0,0,0,0,0,0,0,0,0
E,0,0,0,0,183,0,0,0,1,5,0,0,0,0,0,0,0,0,0,0,0,0,0,0,1,0
F,0,0,0,0,0,192,0,0,0,0,0,0,0,0,0,0,0,0,0,0,0,0,0,0,0,0
G,0,0,0,0,0,0,188,0,0,0,0,0,0,0,0,0,0,0,0,0,0,0,0,0,0,0
H,0,0,0,0,0,0,0,198,0,0,0,0,0,0,0,0,0,0,0,0,0,0,0,0,0,0
I,0,0,0,0,0,0,0,0,175,0,0,0,0,0,0,0,0,0,0,0,0,0,0,0,0,0
J,0,0,0,0,0,0,0,0,3,166,0,0,0,0,0,0,0,0,0,0,0,0,0,0,20,0
K,0,0,0,0,0,0,0,0,0,0,199,0,0,0,0,0,0,0,0,0,0,0,0,0,0,0
L,0,0,0,0,0,0,0,0,0,0,0,190,0,0,0,0,0,0,0,0,0,0,0,0,0,0
M,0,0,0,0,0,0,0,0,0,0,0,0,187,11,0,0,0,0,0,1,0,0,0,0,0,0
N,0,0,0,0,0,0,0,0,0,0,0,0,1,169,0,0,0,0,0,0,1,0,0,0,0,0
O,0,1,3,0,0,0,0,0,0,0,0,0,0,0,129,1,0,0,0,0,0,0,0,0,0,2
P,0,0,0,0,0,0,2,0,0,0,0,0,0,0,0,171,0,0,0,0,0,0,0,0,0,0
Q,0,0,0,0,0,0,0,0,0,0,0,0,0,0,0,0,186,0,0,0,0,0,0,0,1,0
R,0,0,0,0,0,0,0,0,0,0,0,0,0,0,0,0,0,198,0,0,1,0,0,0,0,1
S,0,0,0,0,0,0,0,0,0,0,0,0,0,0,0,0,50,0,101,0,0,0,0,0,0,0
T,0,0,0,0,0,0,1,0,0,0,0,0,0,0,0,0,0,0,0,199,0,0,0,0,0,0
U,0,0,0,0,0,0,0,0,1,0,0,0,0,0,1,0,0,0,0,0,156,0,0,0,0,0
V,0,0,0,0,0,3,0,0,0,0,0,0,0,1,0,1,0,0,0,0,0,145,0,0,1,0
W,0,0,0,0,0,0,0,1,2,0,0,0,27,2,0,1,0,7,0,0,1,0,135,0,0,3
X,2,0,0,1,0,0,0,0,0,0,4,0,0,0,0,0,0,2,0,7,0,0,0,183,0,0
Y,0,0,0,0,0,0,0,0,0,0,0,3,0,0,0,0,0,0,0,0,0,0,0,0,197,0
Z,0,0,0,0,0,0,0,0,0,0,0,0,0,0,0,1,0,0,0,0,0,0,0,0,0,150
